<XMLUsers><users><users><name>Mehmet</name><password>43df</password><followers/><followed><followed><name>ibo</name><password>123</password><followers/><followed/><collectionIDs><collectionIDs>12</collectionIDs></collectionIDs></followed><followed><name>ibo</name><password>123</password><followers/><followed/><collectionIDs><collectionIDs>12</collectionIDs></collectionIDs></followed><followed><name>ibo</name><password>123</password><followers/><followed/><collectionIDs><collectionIDs>12</collectionIDs></collectionIDs></followed><followed><name>ibo</name><password>123</password><followers/><followed/><collectionIDs><collectionIDs>12</collectionIDs></collectionIDs></followed><followed><name>ibo</name><password>123</password><followers/><followed/><collectionIDs><collectionIDs>12</collectionIDs></collectionIDs></followed><followed><name>ibo</name><password>123</password><followers/><followed/><collectionIDs><collectionIDs>12</collectionIDs></collectionIDs></followed><followed><name>ibo</name><password>123</password><followers/><followed/><collectionIDs><collectionIDs>12</collectionIDs></collectionIDs></followed><followed><name>ibo</name><password>123</password><followers/><followed/><collectionIDs><collectionIDs>12</collectionIDs></collectionIDs></followed></followed><collectionIDs/></users><users><name>Mehmet</name><password>43df</password><followers/><followed><followed><name>ibo</name><password>123</password><followers/><followed/><collectionIDs><collectionIDs>12</collectionIDs></collectionIDs></followed><followed><name>ibo</name><password>123</password><followers/><followed/><collectionIDs><collectionIDs>12</collectionIDs></collectionIDs></followed><followed><name>ibo</name><password>123</password><followers/><followed/><collectionIDs><collectionIDs>12</collectionIDs></collectionIDs></followed><followed><name>ibo</name><password>123</password><followers/><followed/><collectionIDs><collectionIDs>12</collectionIDs></collectionIDs></followed><followed><name>ibo</name><password>123</password><followers/><followed/><collectionIDs><collectionIDs>12</collectionIDs></collectionIDs></followed><followed><name>ibo</name><password>123</password><followers/><followed/><collectionIDs><collectionIDs>12</collectionIDs></collectionIDs></followed><followed><name>ibo</name><password>123</password><followers/><followed/><collectionIDs><collectionIDs>12</collectionIDs></collectionIDs></followed><followed><name>ibo</name><password>123</password><followers/><followed/><collectionIDs><collectionIDs>12</collectionIDs></collectionIDs></followed></followed><collectionIDs/></users><users><name>Mehmet</name><password>43df</password><followers/><followed><followed><name>ibo</name><password>123</password><followers/><followed/><collectionIDs><collectionIDs>12</collectionIDs></collectionIDs></followed><followed><name>ibo</name><password>123</password><followers/><followed/><collectionIDs><collectionIDs>12</collectionIDs></collectionIDs></followed><followed><name>ibo</name><password>123</password><followers/><followed/><collectionIDs><collectionIDs>12</collectionIDs></collectionIDs></followed><followed><name>ibo</name><password>123</password><followers/><followed/><collectionIDs><collectionIDs>12</collectionIDs></collectionIDs></followed><followed><name>ibo</name><password>123</password><followers/><followed/><collectionIDs><collectionIDs>12</collectionIDs></collectionIDs></followed><followed><name>ibo</name><password>123</password><followers/><followed/><collectionIDs><collectionIDs>12</collectionIDs></collectionIDs></followed><followed><name>ibo</name><password>123</password><followers/><followed/><collectionIDs><collectionIDs>12</collectionIDs></collectionIDs></followed><followed><name>ibo</name><password>123</password><followers/><followed/><collectionIDs><collectionIDs>12</collectionIDs></collectionIDs></followed></followed><collectionIDs/></users><users><name>Mehmet</name><password>43df</password><followers/><followed><followed><name>ibo</name><password>123</password><followers/><followed/><collectionIDs><collectionIDs>12</collectionIDs></collectionIDs></followed><followed><name>ibo</name><password>123</password><followers/><followed/><collectionIDs><collectionIDs>12</collectionIDs></collectionIDs></followed><followed><name>ibo</name><password>123</password><followers/><followed/><collectionIDs><collectionIDs>12</collectionIDs></collectionIDs></followed><followed><name>ibo</name><password>123</password><followers/><followed/><collectionIDs><collectionIDs>12</collectionIDs></collectionIDs></followed><followed><name>ibo</name><password>123</password><followers/><followed/><collectionIDs><collectionIDs>12</collectionIDs></collectionIDs></followed><followed><name>ibo</name><password>123</password><followers/><followed/><collectionIDs><collectionIDs>12</collectionIDs></collectionIDs></followed><followed><name>ibo</name><password>123</password><followers/><followed/><collectionIDs><collectionIDs>12</collectionIDs></collectionIDs></followed><followed><name>ibo</name><password>123</password><followers/><followed/><collectionIDs><collectionIDs>12</collectionIDs></collectionIDs></followed></followed><collectionIDs/></users><users><name>Mehmet</name><password>43df</password><followers/><followed><followed><name>ibo</name><password>123</password><followers/><followed/><collectionIDs><collectionIDs>12</collectionIDs></collectionIDs></followed><followed><name>ibo</name><password>123</password><followers/><followed/><collectionIDs><collectionIDs>12</collectionIDs></collectionIDs></followed><followed><name>ibo</name><password>123</password><followers/><followed/><collectionIDs><collectionIDs>12</collectionIDs></collectionIDs></followed><followed><name>ibo</name><password>123</password><followers/><followed/><collectionIDs><collectionIDs>12</collectionIDs></collectionIDs></followed><followed><name>ibo</name><password>123</password><followers/><followed/><collectionIDs><collectionIDs>12</collectionIDs></collectionIDs></followed><followed><name>ibo</name><password>123</password><followers/><followed/><collectionIDs><collectionIDs>12</collectionIDs></collectionIDs></followed><followed><name>ibo</name><password>123</password><followers/><followed/><collectionIDs><collectionIDs>12</collectionIDs></collectionIDs></followed><followed><name>ibo</name><password>123</password><followers/><followed/><collectionIDs><collectionIDs>12</collectionIDs></collectionIDs></followed></followed><collectionIDs/></users><users><name>Mehmet</name><password>43df</password><followers/><followed><followed><name>ibo</name><password>123</password><followers/><followed/><collectionIDs><collectionIDs>12</collectionIDs></collectionIDs></followed><followed><name>ibo</name><password>123</password><followers/><followed/><collectionIDs><collectionIDs>12</collectionIDs></collectionIDs></followed><followed><name>ibo</name><password>123</password><followers/><followed/><collectionIDs><collectionIDs>12</collectionIDs></collectionIDs></followed><followed><name>ibo</name><password>123</password><followers/><followed/><collectionIDs><collectionIDs>12</collectionIDs></collectionIDs></followed><followed><name>ibo</name><password>123</password><followers/><followed/><collectionIDs><collectionIDs>12</collectionIDs></collectionIDs></followed><followed><name>ibo</name><password>123</password><followers/><followed/><collectionIDs><collectionIDs>12</collectionIDs></collectionIDs></followed><followed><name>ibo</name><password>123</password><followers/><followed/><collectionIDs><collectionIDs>12</collectionIDs></collectionIDs></followed><followed><name>ibo</name><password>123</password><followers/><followed/><collectionIDs><collectionIDs>12</collectionIDs></collectionIDs></followed></followed><collectionIDs/></users><users><name>Mehmet</name><password>43df</password><followers/><followed><followed><name>ibo</name><password>123</password><followers/><followed/><collectionIDs><collectionIDs>12</collectionIDs></collectionIDs></followed><followed><name>ibo</name><password>123</password><followers/><followed/><collectionIDs><collectionIDs>12</collectionIDs></collectionIDs></followed><followed><name>ibo</name><password>123</password><followers/><followed/><collectionIDs><collectionIDs>12</collectionIDs></collectionIDs></followed><followed><name>ibo</name><password>123</password><followers/><followed/><collectionIDs><collectionIDs>12</collectionIDs></collectionIDs></followed><followed><name>ibo</name><password>123</password><followers/><followed/><collectionIDs><collectionIDs>12</collectionIDs></collectionIDs></followed><followed><name>ibo</name><password>123</password><followers/><followed/><collectionIDs><collectionIDs>12</collectionIDs></collectionIDs></followed><followed><name>ibo</name><password>123</password><followers/><followed/><collectionIDs><collectionIDs>12</collectionIDs></collectionIDs></followed><followed><name>ibo</name><password>123</password><followers/><followed/><collectionIDs><collectionIDs>12</collectionIDs></collectionIDs></followed></followed><collectionIDs/></users></users></XMLUsers>