[{"product":{"parent":"null","name":"motor","id":849,"state":"Complete","childParts":[{"childPartName":"vida"},{"childPartName":"koltuk"},{"childPartName":"teker"}],"height":0}},{"product":{"parent":"motor","name":"vida","maker":"mert","id":121,"state":"Complete","height":1}},{"product":{"parent":"motor","name":"koltuk","id":510,"state":"Complete","childParts":[{"childPartName":"yastık"},{"childPartName":"ısıtcı"}],"height":1}},{"product":{"parent":"motor","name":"teker","maker":"ege","id":534,"state":"Complete","height":1}},{"product":{"parent":"koltuk","name":"yastık","id":450,"state":"Complete","childParts":[{"childPartName":"deri"},{"childPartName":"yün"}],"height":2}},{"product":{"parent":"koltuk","name":"ısıtcı","maker":"tamer","id":881,"state":"Complete","height":2}},{"product":{"parent":"yastık","name":"deri","maker":"avcı","id":821,"state":"Complete","height":3}},{"product":{"parent":"yastık","name":"yün","maker":"nene","id":394,"state":"Complete","height":3}}]