[{"user":{"password":"1234","name":"Caner","type":"Admin"}},{"user":{"password":"18rq","name":"ibo","worksOn":"motor","type":"Manager","employees":[{"managerEmployee":"mert"},{"managerEmployee":"avcı"},{"managerEmployee":"nene"},{"managerEmployee":"tamer"},{"managerEmployee":"ege"}]}},{"user":{"password":"sauX","employeeOf":"ibo","name":"mert","worksOn":"vida","type":"Employee"}},{"user":{"password":"DLVA","employeeOf":"ibo","name":"avcı","worksOn":"deri","type":"Employee"}},{"user":{"password":"6Xtf","employeeOf":"ibo","name":"nene","worksOn":"yün","type":"Employee"}},{"user":{"password":"7Czx","employeeOf":"ibo","name":"tamer","worksOn":"ısıtcı","type":"Employee"}},{"user":{"password":"VQJr","employeeOf":"ibo","name":"ege","worksOn":"teker","type":"Employee"}}]